{
  "avg_answer_length": 95.58333333333333,
  "avg_citation_count": 5.0,
  "avg_generation_latency_ms": 4738.831737081152
}