strategy,num_chunks,avg_chunk_length,chunking_time_s,indexing_time_s,num_eval_queries,precision_at_k,recall_at_k,f1_at_k,mrr,ndcg,num_queries
fixed,72,644.1805555555555,0.0004043529988848604,11.551677928997378,60,0.18388888888888885,1.0,0.3099999999999999,0.9777777777777779,0.9831189490113246,60
recursive,72,644.1944444444445,0.00045474900252884254,10.692428213005769,60,0.18777777777777777,1.0,0.3153968253968253,0.9777777777777779,0.9831189490113246,60
semantic,72,644.1944444444445,51.31118141600018,10.17294118499558,60,0.1872222222222222,1.0,0.31460317460317455,0.9777777777777779,0.9831189490113246,60
parent_child,132,719.3030303030303,0.0018377599990344606,19.049658392999845,60,0.32222222222222213,0.9833333333333333,0.4838888888888889,0.975,0.9771821625595243,60
