model,cv_rmse,cv_r2,test_rmse,test_mae,test_r2,test_mape,source
LinearRegression,31.759779865188104,-0.5625695034325123,8.678367645835788,6.132485286104642,0.9312049978907303,14.361283719328133,core_benchmark
Ridge,23.73295418815842,0.35595576467921175,8.688723250783417,6.140149116469992,0.9311044233166632,14.368075870648047,core_benchmark
ElasticNet,23.033883811250416,0.41007121536621316,8.702262634912541,6.15073243153863,0.930995153474438,14.376441573310094,core_benchmark
Lasso,23.034078313724027,0.41004492729813746,8.705923752542036,6.154013160389318,0.9309819249671271,14.37837217379531,core_benchmark
RandomForest,19.620142539706876,0.5585976471967266,10.228869439457268,6.639199090909093,0.8865317627450091,14.950357943980839,core_benchmark
GradientBoosting,22.538329488833384,0.4146040072021615,11.278213472181656,8.03516576790883,0.8361016461315907,18.215300353024226,core_benchmark
ExtraTrees,20.86746364289142,0.5024511179150049,11.900347427685803,7.508290000000001,0.8371281817473194,15.860015154761689,core_benchmark
LightGBM,20.370229976356086,0.5282117426429189,13.776471475964366,8.58205420550313,0.738786539381167,18.786955432689005,core_benchmark
