model,total_prompts,success_rate,avg_latency_ms,avg_tool_calls,avg_keyword_score,avg_tool_selection_score,avg_judge_score
qwen3:8b,120,1.0,6.0708319083384295,0.625,0.25,0.4375,0.0
llama3.1:8b,120,1.0,6.107148308334824,0.625,0.25,0.4375,0.0
granite4.1:3b,120,1.0,6.138821375028177,0.625,0.25,0.4375,0.0
deepseek-r1,120,1.0,6.113506841628198,0.625,0.25,0.4375,0.0
