model,total_prompts,success_rate,avg_latency_ms,avg_tool_calls,avg_keyword_score,avg_tool_selection_score,avg_judge_score
qwen3:8b,120,1.0,6.4843291499225115,0.75,0.375,0.5625,0.0
llama3.1:8b,120,1.0,6.5700149666857515,0.75,0.375,0.5625,0.0
granite4.1:3b,120,1.0,6.5031842833377596,0.75,0.375,0.5625,0.0
deepseek-r1,120,1.0,7.223370458359568,0.75,0.375,0.5625,0.0
