model,total_prompts,success_rate,avg_latency_ms,avg_tool_calls,avg_keyword_score,avg_tool_selection_score,avg_judge_score
qwen3:8b,120,1.0,6.555274966694924,0.75,0.375,0.5625,0.0
llama3.1:8b,120,1.0,6.444361241528895,0.75,0.375,0.5625,0.0
granite4.1:3b,120,1.0,6.510326300000695,0.75,0.375,0.5625,0.0
deepseek-r1,120,1.0,6.776536049937931,0.75,0.375,0.5625,0.0
