model,total_prompts,success_rate,avg_latency_ms,avg_tool_calls,avg_keyword_score,avg_tool_selection_score,avg_judge_score
qwen3:8b,120,1.0,6.222815866688809,0.75,0.375,0.5625,0.0
llama3.1:8b,120,1.0,6.24553149999277,0.75,0.375,0.5625,0.0
granite4.1:3b,120,1.0,6.223101208289942,0.75,0.375,0.5625,0.0
deepseek-r1,120,1.0,6.204708741643117,0.75,0.375,0.5625,0.0
