model_name,mae,mse,rmse,r2,mape
LightGBM,0.2985924014749182,0.21113732969956167,0.4594968222953905,0.8379317216866307,0.1708968628647933
XGBoost,0.31692881110293,0.22941642602361378,0.4789743479807805,0.8239007510639615,0.18036135961754277
ExtraTrees,0.3325847461442186,0.2623366384594592,0.5121880889472725,0.7986313107486002,0.18640029115556556
RandomForest,0.33765800923234307,0.26756411282709675,0.5172659981354822,0.7946187196454739,0.19222788178120098
Lasso,0.5334808144965701,0.5408669131225835,0.735436545952527,0.584832442793626,0.32150605258155374
ElasticNet,0.5334570325546599,0.540870004934885,0.7354386479747206,0.5848300695292805,0.32150137163101844
Ridge,0.5334490392768111,0.5408743020992616,0.7354415694664407,0.5848267710408837,0.32153756565485986
LinearRegression,0.5334518974729614,0.5408750691093341,0.7354420909285341,0.5848261822866256,0.3215444663403095
