segment,Monthly_Income,Loan_to_Income_Ratio,Debt_Burden_Score,Collateral_Coverage_Ratio,Missed_Payment_Severity,Delinquency_Score,Recovery_Difficulty_Index,Collection_Intensity_Score,Behavioral_Risk_Score,segment_size
0,8515.711111111112,0.3414888897263905,0.327518315903324,4.9066276658598,2.0865949279751237,0.6540524130190797,0.5273487135592426,0.053537937238322106,0.6777508417508418,495
1,10647.0,0.3165367396136627,0.25672944010941684,670.3283582089553,4.098471697390386,0.5682222222222222,0.32262383051677684,0.12871287128712872,0.6849999999999999,1
2,10330.25,0.1511274919388434,0.2842935132322056,279.9782403609516,1.2483012232068493,0.6526805555555556,0.44433377479024816,0.026491538607109122,0.7141666666666666,4
