iter	Logloss
0	0.6367717408
1	0.5894660582
2	0.5484442396
3	0.5117877111
4	0.5036577661
